{"loss":{"0":1.1489725113,"1":0.8034514785,"2":0.7214131951,"3":0.6763709188,"4":0.6381374002,"5":0.6455779076,"6":0.6111889482,"7":0.5949597359,"8":0.5832112432,"9":0.5339805484,"10":0.503937602,"11":0.4855883718,"12":0.4444927275,"13":0.4277542233,"14":0.4079529047,"15":0.4033680558,"16":0.3825967312,"17":0.3708688319,"18":0.3653995991,"19":0.3453530669,"20":0.3280016184,"21":0.3334493935,"22":0.3330213428,"23":0.3193861246,"24":0.2986066043,"25":0.3066076338,"26":0.2895502746,"27":0.2815564275,"28":0.2836487889,"29":0.2627722919,"30":0.2478046268,"31":0.2211208791,"32":0.2169496715,"33":0.2064827383,"34":0.1970409453,"35":0.1931316257,"36":0.1817812622,"37":0.1789250523,"38":0.1667453051,"39":0.1684955359,"40":0.1535607725,"41":0.1478160471,"42":0.1341782659,"43":0.1347035468,"44":0.1307570785,"45":0.1249839067,"46":0.1340280473,"47":0.1086576357,"48":0.1122060418,"49":0.1040367112},"head_loss":{"0":1.2267514467,"1":1.1664164066,"2":1.2024610043,"3":1.10351336,"4":1.0911632776,"5":1.1018596888,"6":1.0178182125,"7":1.0160964727,"8":0.9817948937,"9":0.9934056997,"10":0.9519866109,"11":0.9696201682,"12":0.9023622274,"13":0.9135838747,"14":0.9300173521,"15":0.9899394512,"16":0.9254139066,"17":0.9439586997,"18":0.9316988587,"19":0.9236595631,"20":0.8918877244,"21":0.9240339994,"22":0.9301090837,"23":0.8722236753,"24":0.8270487785,"25":0.8757753968,"26":0.8067619205,"27":0.7581415176,"28":0.7429182529,"29":0.6773664951,"30":0.6528146267,"31":0.5596942306,"32":0.5292662978,"33":0.4995858967,"34":0.4734251201,"35":0.4292418957,"36":0.4200505018,"37":0.3831727207,"38":0.3546266854,"39":0.3850381076,"40":0.3086103201,"41":0.3154633939,"42":0.2914636433,"43":0.2754537165,"44":0.2818498611,"45":0.23823753,"46":0.2898355424,"47":0.2377684861,"48":0.2185529321,"49":0.2205350399},"leg_loss":{"0":1.8921352625,"1":0.7254861593,"2":0.4730083346,"3":0.4526825249,"4":0.3506521881,"5":0.3985841274,"6":0.3680394888,"7":0.3709223568,"8":0.4117322862,"9":0.3519717753,"10":0.3442140818,"11":0.3405552208,"12":0.3211280704,"13":0.3167307079,"14":0.2984812558,"15":0.2764721215,"16":0.2912567556,"17":0.2858109474,"18":0.2853074074,"19":0.2615151107,"20":0.2518263459,"21":0.2494884133,"22":0.2625179887,"23":0.2494018525,"24":0.2243703455,"25":0.2143341303,"26":0.2250781357,"27":0.2246655375,"28":0.2330734432,"29":0.2354934663,"30":0.2003985196,"31":0.201281473,"32":0.224781692,"33":0.2090870887,"34":0.2082428336,"35":0.2288187146,"36":0.1916209012,"37":0.2102031261,"38":0.1952682436,"39":0.1844521612,"40":0.1909400821,"41":0.1722358316,"42":0.1648759097,"43":0.1633476913,"44":0.1625851095,"45":0.1619310826,"46":0.1566689014,"47":0.1218848154,"48":0.1400014907,"49":0.1203521043},"right_arm_loss":{"0":0.6579017043,"1":0.6085905433,"2":0.5776682496,"3":0.5820545554,"4":0.5558263063,"5":0.5706000328,"6":0.5393560529,"7":0.5101823211,"8":0.4815010726,"9":0.4158498645,"10":0.3901528716,"11":0.3430964649,"12":0.3110367656,"13":0.277379334,"14":0.2380239367,"15":0.2149851471,"16":0.1777843535,"17":0.1501829326,"18":0.1523158848,"19":0.1183950603,"20":0.1022494733,"21":0.0994574651,"22":0.0800460652,"23":0.0910018086,"24":0.0837512761,"25":0.0809952021,"26":0.0750750974,"27":0.0858452171,"28":0.0931545421,"29":0.0764621645,"30":0.0735652298,"31":0.0717574358,"32":0.0547502376,"33":0.0617784411,"34":0.0567862242,"35":0.0602487437,"36":0.0617499612,"37":0.0670635328,"38":0.0693842173,"39":0.058778666,"40":0.0669447631,"41":0.0513928942,"42":0.0444268025,"43":0.0519796684,"44":0.046535138,"45":0.0551619865,"46":0.0568304658,"47":0.0420197397,"48":0.0444462374,"49":0.0458191484},"left_arm_loss":{"0":0.8191018105,"1":0.7133128047,"2":0.6325152516,"3":0.5672331452,"4":0.5549080968,"5":0.5112679005,"6":0.5195420384,"7":0.4826378524,"8":0.4578168392,"9":0.3746947944,"10":0.3293968141,"11":0.2890816331,"12":0.2434438914,"13":0.2033229768,"14":0.1652891338,"15":0.1320753992,"16":0.1359320134,"17":0.1035227552,"18":0.0922761485,"19":0.0778424591,"20":0.0660428926,"21":0.0608176142,"22":0.0594121404,"23":0.0649171993,"24":0.0592561066,"25":0.0553258434,"26":0.0512859337,"27":0.0575734712,"28":0.0654490367,"29":0.0617669933,"30":0.0644400865,"31":0.0517503917,"32":0.0590004846,"33":0.0554794557,"34":0.0497095659,"35":0.0542170927,"36":0.0537036471,"37":0.0552607849,"38":0.0477020517,"39":0.0457132347,"40":0.0477478802,"41":0.0521720722,"42":0.0359467082,"43":0.0480330549,"44":0.0320581868,"45":0.044605013,"46":0.0327772982,"47":0.0329575278,"48":0.0458235219,"49":0.0294405762},"head_accuracy":{"0":0.4454545379,"1":0.5090909004,"2":0.4545454681,"3":0.5181818008,"4":0.5204545259,"5":0.4613636434,"6":0.5045454502,"7":0.5045454502,"8":0.5318182111,"9":0.5249999762,"10":0.5568181872,"11":0.5272727013,"12":0.5818181634,"13":0.572727263,"14":0.5840908885,"15":0.5318182111,"16":0.5568181872,"17":0.5954545736,"18":0.5863636136,"19":0.5909090638,"20":0.5863636136,"21":0.5840908885,"22":0.5863636136,"23":0.6522727013,"24":0.6477272511,"25":0.6227272749,"26":0.6750000119,"27":0.6931818128,"28":0.6999999881,"29":0.7295454741,"30":0.7318181992,"31":0.7931818366,"32":0.8068181872,"33":0.8340908885,"34":0.8272727132,"35":0.8522727489,"36":0.8477272987,"37":0.8659090996,"38":0.875,"39":0.8590909243,"40":0.8795454502,"41":0.8613636494,"42":0.8840909004,"43":0.8931818008,"44":0.8999999762,"45":0.9068182111,"46":0.8863636255,"47":0.9113636613,"48":0.9136363864,"49":0.9227272868},"leg_accuracy":{"0":0.2113636434,"1":0.7068181634,"2":0.8545454741,"3":0.8977272511,"4":0.9090909362,"5":0.9113636613,"6":0.9136363864,"7":0.9022727013,"8":0.9045454264,"9":0.9159091115,"10":0.9136363864,"11":0.9181818366,"12":0.9204545617,"13":0.9181818366,"14":0.9159091115,"15":0.9227272868,"16":0.9159091115,"17":0.9136363864,"18":0.9227272868,"19":0.9295454621,"20":0.9318181872,"21":0.9318181872,"22":0.9159091115,"23":0.9181818366,"24":0.927272737,"25":0.9363636374,"26":0.9340909123,"27":0.9250000119,"28":0.9340909123,"29":0.9159091115,"30":0.9431818128,"31":0.9295454621,"32":0.927272737,"33":0.9363636374,"34":0.9318181872,"35":0.9340909123,"36":0.9522727132,"37":0.9318181872,"38":0.947727263,"39":0.9431818128,"40":0.9386363626,"41":0.9431818128,"42":0.9499999881,"43":0.9454545379,"44":0.9363636374,"45":0.947727263,"46":0.9409090877,"47":0.9636363387,"48":0.947727263,"49":0.9636363387},"right_arm_accuracy":{"0":0.7727272511,"1":0.7840909362,"2":0.7772727013,"3":0.7727272511,"4":0.7545454502,"5":0.7590909004,"6":0.7386363745,"7":0.7749999762,"8":0.8045454621,"9":0.8249999881,"10":0.8409090638,"11":0.8454545736,"12":0.8636363745,"13":0.8909090757,"14":0.9136363864,"15":0.9318181872,"16":0.9522727132,"17":0.9613636136,"18":0.9613636136,"19":0.9795454741,"20":0.9863636494,"21":0.9863636494,"22":0.9863636494,"23":0.9818181992,"24":0.9863636494,"25":0.9931818247,"26":0.9931818247,"27":0.9909090996,"28":0.9863636494,"29":0.9931818247,"30":0.9931818247,"31":0.9886363745,"32":0.9954545498,"33":0.9909090996,"34":0.9931818247,"35":0.9909090996,"36":0.9931818247,"37":0.9886363745,"38":0.9840909243,"39":0.9931818247,"40":0.9931818247,"41":0.9977272749,"42":0.9931818247,"43":0.9863636494,"44":0.9931818247,"45":0.9886363745,"46":0.9863636494,"47":0.9909090996,"48":0.9863636494,"49":0.9931818247},"left_arm_accuracy":{"0":0.5863636136,"1":0.6522727013,"2":0.7454545498,"3":0.7909091115,"4":0.7818182111,"5":0.7818182111,"6":0.7886363864,"7":0.7840909362,"8":0.8045454621,"9":0.8500000238,"10":0.8704545498,"11":0.8772727251,"12":0.9022727013,"13":0.9295454621,"14":0.9499999881,"15":0.9636363387,"16":0.9636363387,"17":0.9840909243,"18":0.9840909243,"19":0.9863636494,"20":0.9954545498,"21":0.9931818247,"22":0.9977272749,"23":0.9931818247,"24":0.9954545498,"25":0.9954545498,"26":0.9931818247,"27":0.9909090996,"28":0.9886363745,"29":0.9954545498,"30":0.9840909243,"31":0.9954545498,"32":0.9954545498,"33":0.9909090996,"34":0.9954545498,"35":0.9909090996,"36":0.9909090996,"37":0.9886363745,"38":0.9909090996,"39":0.9931818247,"40":0.9863636494,"41":0.9909090996,